contributor,lines
Adam Donahue,1
Aivars Kalvāns,1
Alexandr N Zamaraev (aka tonal),1
Ally Weir,1
Cash Costello,1
Chomba Ng'ang'a,1
Faisal Anees,1
Ferdy Rodriguez,1
HalfCrazy,1
Hoat Le,1
Ilya Baryshev,1
José Ricardo,1
Kumara Tharmalingam,1
Lazar-T,1
Lele,1
Lisimia,1
Maik Röder,1
Michael Manfre,1
Nuno Maximiano,1
Paul Brown,1
Ramiro Morales,1
Rendaw,1
Robert Weindl,1
Roy Crihfield,1
Uyounghz,1
Vikas Dhiman,1
Zbigniew Siciarz,1
andrewshir,1
anibal,1
carlosp420,1
cclauss,1
eduardo,1
eltermann,1
irgmedeiros,1
mgachhui,1
nanolab,1
nblock,1
rajathkumarmp,1
scraperdragon,1
tntC4stl3,1
yakxxx,1
Alexey Vishnevsky,2
Andrew Murray,2
Bryan Crowe,2
Demelziraptor,2
Diana Huang,2
Hart,2
Hobson Lane,2
Jason Yeo,2
Juan Picca,2
Kenneth Schnall,2
Luan,2
Marco DallaG,2
Marius Gedminas,2
Mark Grey,2
Michal Danilak,2
Natan L,2
Nikola Pavlović,2
Patrick Connolly,2
Rick,2
Victor Varvariuc,2
Wieland Hoffmann,2
dgrana,2
hy,2
klangner@gmail.com,2
Beng Hee Eu,3
Brian Lange,3
Christian Pedersen,3
Jae-Myoung Yu,3
LucianU,3
Matt O'Connell,3
Victor Mireyev,3
Zoltán Szeredi,3
klangner,3
ncp1113,3
tracicot,3
vkrest,3
Benoit Blanchon,4
David Tagatac,4
Peter Bronez,4
Rafal Jagoda,4
Ralph Gutkowski,4
agusc,4
bosnj,4
smirecki,4
Hasnain Lakhani,5
Panayiotis Lipiridis,5
seales,5
Dharmesh Pandav,6
Gregory Vigo Torres,6
Irhine,6
daniel,6
Lucas Moauro,7
cacovsky,7
pawelmhm,7
Artem Bogomyagkov,8
Breno Colom,8
Dragon Dave,8
Kevin Yap,8
Tom Mortimer-Jones,8
pablo,8
Diego Allen,9
Ruben Vereecken,9
Thom Dixon,9
ivannotes,9
Ashish Kulkarni,10
Marc Abramowitz,10
David Chen,11
drack3800,11
immerrr,11
stav,11
Cameron Lane,12
Jordi Llonch,12
Rafał Gutkowski,12
rootavish,12
Nikita Nikishin,13
Richard Dowinton,13
omer,13
Leonid Amirov,15
Martin Santos,15
Victoria Terenina (torymur),15
Mikhail Lyundin,16
Shuaib,16
Claudio Salazar,17
Lorena,17
Luar Roji,17
Mateusz Golewski,17
Yaroslav Halchenko,17
darshanime,19
Chris Nilsson,22
Chris Tilden,22
arijitchakraborty,23
dinesh,26
Matvei Nazaruk,27
dfdeshom,27
Denys Butenko,28
Stefan Koch,28
Jonas Tingeborn,29
notsobad,29
Jesús Losada,31
Pedro Faustino,32
Travis Briggs,34
Valdir Stumm Junior,34
palego,35
Berker Peksag,37
Stefan,39
Andrew Scorpil,40
Berend Iwema,40
paul,40
Joakim Uddholm,42
Pengyu CHEN,43
Nikolaos-Digenis Karagiannis,45
Darshan Chaudhary,46
Lev Berman,49
orangain,51
Shane Evans,52
mrpandav,52
Rocio Aramberri,54
Mikael Åhlén,55
Raul Gallegos,56
Alexey Bezhan,59
Nicolas Pennequin,59
Aron Bordin,61
Jamey Sharp,65
Dracony,69
Alexander Sibiryakov,70
Sudhanshu Shekhar,70
Olaf Dietsche,71
olveyra,73
Felipe Ruhland,76
bagratte,81
stummjr,82
Valdir Stumm Jr,85
Nicolás Ramírez,91
Lucian Ursu,93
djunzu,102
Capi Etheriel,104
Alexander Chekunkov,109
preetwinder,110
Shadab Zafar,116
samus_,123
Rolando Espinoza,131
Marven Sanchez,134
alexanderlukanin13,140
Artur Gaspar,162
Felix Yan,170
tpeng,199
Daniel Collins,204
Ping Yin,207
Νικόλαος-Διγενής Καραγιάννης,228
duendex,235
Steven Almeroth,241
Max Arnold,278
Alexandru Cepoi,279
Lukasz Biedrycki,288
Rolando Espinoza La fuente,294
Martin Olveyra,303
elpolilla,388
Pawel Miech,390
nramirezuy,398
nyov,724
Konstantin Lopuhin,737
Alex Cepoi,754
Jakob de Maeyer,918
Elias Dorneles,1138
Ismael Carnales,1965
Daniel Grana,2354
Paul Tremberth,2435
Edwin O Marshall,3403
Julia Medina,4041
Mikhail Korobov,4047
Daniel Graña,11826
Pablo Hoffman,17495
